{"cameraMode":{"drawMode":0,"name":"Shaded","section":"Shading Mode"},"sceneLighting":false,"audioPlay":false,"sceneViewState":{"showFog":true,"showMaterialUpdate":false,"showSkybox":false,"showFlares":true,"showImageEffects":true,"showParticleSystems":true},"in2DMode":false,"pivot":{"x":-0.3051890730857849,"y":0.35288548469543459,"z":-0.013703495264053345},"rotation":{"x":0.14885447919368745,"y":0.2845475375652313,"z":-0.04457082226872444,"w":0.9460810422897339},"size":0.22607190907001496,"orthographic":false}