{"cameraMode":{"drawMode":0,"name":"Shaded","section":"Shading Mode"},"sceneLighting":true,"audioPlay":false,"sceneViewState":{"showFog":true,"showMaterialUpdate":false,"showSkybox":true,"showFlares":true,"showImageEffects":true,"showParticleSystems":true},"in2DMode":false,"pivot":{"x":32.984100341796878,"y":11.74167537689209,"z":-39.20235824584961},"rotation":{"x":-0.2693725824356079,"y":0.23148003220558167,"z":-0.0665152445435524,"w":-0.932654619216919},"size":0.4955800771713257,"orthographic":false}