{"cameraMode":{"drawMode":0,"name":"Shaded","section":"Shading Mode"},"sceneLighting":false,"audioPlay":false,"sceneViewState":{"showFog":true,"showMaterialUpdate":false,"showSkybox":false,"showFlares":true,"showImageEffects":true,"showParticleSystems":true},"in2DMode":false,"pivot":{"x":-0.024179648607969285,"y":0.2838960289955139,"z":0.15399999916553498},"rotation":{"x":0.14885447919368745,"y":0.2845475375652313,"z":-0.04457082226872444,"w":0.9460810422897339},"size":0.21945184469223023,"orthographic":false}