{"cameraMode":{"drawMode":0,"name":"Shaded","section":"Shading Mode"},"sceneLighting":false,"audioPlay":false,"sceneViewState":{"showFog":true,"showMaterialUpdate":false,"showSkybox":false,"showFlares":true,"showImageEffects":true,"showParticleSystems":true},"in2DMode":false,"pivot":{"x":-0.7130143046379089,"y":0.791043758392334,"z":-0.42023417353630068},"rotation":{"x":-0.29918068647384646,"y":-0.544663667678833,"z":0.21615414321422578,"w":-0.7531814575195313},"size":0.7356871366500855,"orthographic":false}